confidence_range,sample_count,average_confidence,actual_accuracy,calibration_gap
0.0-0.1,0,0.0,0.0,0.0
0.1-0.2,0,0.0,0.0,0.0
0.2-0.3,52,0.26069986595074823,0.6153846153846154,0.3546847494338672
0.3-0.4,115,0.3527527458629348,0.5826086956521739,0.22985594978923907
0.4-0.5,160,0.44814953985492023,0.68125,0.2331004601450798
0.5-0.6,160,0.5531643068802924,0.825,0.27183569311970757
0.6-0.7,181,0.6517559171571274,0.8784530386740331,0.2266971215169057
0.7-0.8,185,0.7469466531757173,0.9621621621621622,0.21521550898644493
0.8-0.9,280,0.8526019966637545,0.9642857142857143,0.11168371762195983
0.9-1.0,867,0.9656581946499966,0.9930795847750865,0.02742139012508993
