,precision,recall,f1-score,support
Sadness,0.9402730375426621,0.9483648881239243,0.9443016281062554,581.0
Joy,0.9145658263305322,0.939568345323741,0.9268985095812633,695.0
Love,0.7922077922077922,0.7672955974842768,0.7795527156549521,159.0
Anger,0.9007352941176471,0.8909090909090909,0.8957952468007313,275.0
Fear,0.8947368421052632,0.8348214285714286,0.8637413394919169,224.0
Surprise,0.7692307692307693,0.7575757575757576,0.7633587786259542,66.0
accuracy,0.904,0.904,0.904,0.904
macro avg,0.8686249269224443,0.8564225179980366,0.8622747030435121,2000.0
weighted avg,0.9033877061781039,0.904,0.9034930120917766,2000.0
