threshold,coverage,samples,accuracy,errors_rejected,error_rejection_rate
0.2,0.9985,1997,0.9018527791687532,3,0.01507537688442211
0.25,0.9865,1973,0.9072478459199189,16,0.08040201005025126
0.3,0.958,1916,0.9175365344467641,41,0.20603015075376885
0.35,0.9185,1837,0.9292324442025041,69,0.34673366834170855
0.4,0.8675,1735,0.945821325648415,105,0.5276381909547738
0.45,0.816,1632,0.9607843137254902,135,0.678391959798995
0.5,0.768,1536,0.9674479166666666,149,0.7487437185929648
0.55,0.7135,1427,0.9754730203223546,164,0.8241206030150754
0.6,0.663,1326,0.9811463046757164,174,0.8743718592964824
0.65,0.61,1220,0.9836065573770492,179,0.8994974874371859
0.7,0.5605,1121,0.9875111507582516,185,0.9296482412060302
0.75,0.504,1008,0.9910714285714286,190,0.9547738693467337
0.8,0.4435,887,0.9932356257046223,193,0.9698492462311558
0.85,0.3635,727,0.9917469050894085,193,0.9698492462311558
0.9,0.289,578,0.9913494809688581,194,0.9748743718592965
