actual,predicted,class_a,class_b,prob_a,prob_b,pair_a_ratio,pair_b_ratio,text
Love,Joy,Love,Joy,0.1048573031624694,0.7222605926937591,0.12677431317565874,0.8732256868243412,im feeling generous today heres one more you may have already seen but is good for a chuckle
Love,Joy,Love,Joy,0.2394595410607248,0.33036213999822317,0.42023592471194987,0.57976407528805,i feel that i need to know that i can depend on myself before i put myself in the position of supporting someone else and being supported by someone else
Joy,Love,Love,Joy,0.36895751521000164,0.15169413740893867,0.7086456239101538,0.29135437608984616,i feel that third situation pretty much sums up my feelings toward this title
Love,Joy,Love,Joy,0.2885910573217243,0.3915947193147384,0.42428269927785756,0.5757173007221423,i feel blessed beyond blessed to share my life with you each week
Joy,Love,Love,Joy,0.5368912860403758,0.3331723827211764,0.6170712619279763,0.3829287380720237,i realized what i am passionate about helping women feel accepted and appreciated
Love,Joy,Love,Joy,0.03840815605927337,0.9120381884290185,0.040410651565977486,0.9595893484340224,i feel so blessed and honored that we get to be its parents
Love,Joy,Love,Joy,0.11077136702050204,0.6882234372825188,0.13863840718855502,0.861361592811445,i was so impressed with the show especially for hs and i was moved by these talented kids but then again i feel very passionate about productions and music and theatre in schools so i am always happy to endorse many hs productions throughout their seasons during this time
Joy,Love,Love,Joy,0.31146966428028533,0.2638928680383074,0.5413450594795017,0.4586549405204983,i believe that feeling accepted in a non judgemental way can be healing
Love,Joy,Love,Joy,0.14051166656382408,0.6378291161811984,0.1805271799690014,0.8194728200309986,ive been feeling from my adoring fans that would be teh whole like of you who are my friends here i felt brave and excited and ventrured forth with guitar in hand to a local open mic night
Joy,Love,Love,Joy,0.5296927904542562,0.22916276038752148,0.698015307217141,0.301984692782859,i could feel his breath on me and smell the sweet scent of him
Joy,Love,Love,Joy,0.23914161160420858,0.21081190244481557,0.5314807066450717,0.4685192933549282,i suppose if one was feeling generous one could say i was stressed by the elevator ride
Joy,Love,Love,Joy,0.3310297094018182,0.2249699306569236,0.5953775606164865,0.40462243938351355,i feel quite passionate about and that is how old should children be to undergo beauty treatments
Joy,Love,Love,Joy,0.3506476717687274,0.3036768241682442,0.5358926250600037,0.4641073749399964,i believe that people should choose the causes they feel passionate about and do what they can and i have no right or desire to push my own charities as more worthy than another
Joy,Love,Love,Joy,0.41687838506727204,0.3702587929963855,0.5296133846615972,0.4703866153384027,i never feel like im not supporting
Love,Joy,Love,Joy,0.12323058933469688,0.641844268305144,0.16106997649203592,0.8389300235079641,i feel i should as a gracious gesture apologizing for my latest post about the osp and the rand license terms
Love,Joy,Love,Joy,0.287136288667313,0.3955417493481309,0.4206027917669987,0.5793972082330012,i feel not having a generous spirit or a forgiving nature closes me off from accepting gifts from the universe
Love,Joy,Love,Joy,0.29241687649932124,0.43720292108326503,0.4007797999289107,0.5992202000710893,i feel that the packaging is really lovely and the product itself just does everything you ask
Love,Joy,Love,Joy,0.3470381983444407,0.4113746724791296,0.4575847954262531,0.5424152045737469,im so proud of you no words can describe the way that makes my heart feel thank you god for my supportive amazing hubbard
Love,Joy,Love,Joy,0.21507880935099297,0.5195195162045009,0.29278423577722307,0.7072157642227769,i have made about sex i feel that women enjoy sex when their body and emotions are admired and respected
Joy,Love,Love,Joy,0.40967617458334976,0.23072616788370273,0.6397168583193101,0.3602831416806898,i feel so blessed to be married to him because he loves his stepchildren
Joy,Love,Love,Joy,0.42308522456126374,0.38345102099041706,0.5245706276620813,0.47542937233791865,i feel more faithful than ever
Love,Joy,Love,Joy,0.1668111568609315,0.4139917400815153,0.2872078595666186,0.7127921404333815,i have so much going on in my life and am constantly running like crazy i can always steal a quiet moment to acknowledge this child and the overwhelming excitement and anticipation that i feel god is truly faithful and brings everything around
Love,Joy,Love,Joy,0.2557428437316085,0.38697395153731773,0.3979090722603574,0.6020909277396426,i get to be creative if i feel like it or just sit and chat to customers the people are all lovely even kermit helps out see
Joy,Love,Love,Joy,0.29034264026980566,0.17979430852012165,0.6175703505480917,0.38242964945190827,i couldnt feel more blessed at this time
Joy,Love,Love,Joy,0.43024988282483434,0.3196665348567533,0.5737304487278437,0.4262695512721563,i feel very strongly about supporting charities that help children
Joy,Love,Love,Joy,0.6028672145926157,0.24033088910119346,0.714976957314808,0.2850230426851919,i did not feel any passionate joy
Joy,Love,Love,Joy,0.7534402644828855,0.11847587950224027,0.864120098796724,0.135879901203276,i have nostalgic feelings i have met wonderful people online and the online internet is for me like my second life
Love,Joy,Love,Joy,0.2355167753162826,0.4482715656512647,0.34442935219256726,0.6555706478074328,i feel my truth is accepted and not judged because well
Joy,Love,Love,Joy,0.3607186150852921,0.13877140072937713,0.7221738246298264,0.2778261753701737,i did feel rather like a celebrity and widget stood and let herself be admired while she drank orange squash from my cup
Love,Joy,Love,Joy,0.21560123019155578,0.3683898608221203,0.3691858206557928,0.6308141793442071,i feel like if people accepted that wed get along a lot better
Joy,Love,Love,Joy,0.398533591732796,0.2310894524444734,0.6329717366897859,0.3670282633102141,i feel so blessed to have friends i can come to
Joy,Love,Love,Joy,0.4230381450930889,0.2164122965006712,0.6615651778091086,0.33843482219089144,i feel the need to pimp this since raini my beloved rocky casting director loves it so much
Love,Joy,Love,Joy,0.16028433319397872,0.6607038040333842,0.19523343386579273,0.8047665661342073,i feel cared for and accepted
Love,Joy,Love,Joy,0.2376389447174189,0.4287855357289087,0.3565879581108182,0.6434120418891817,i feel passionate about knitting and seeing really good films and the surprisingly awesome tv programs that are on now i cant believe i just wrote that
Love,Joy,Love,Joy,0.21952958148554977,0.40077475911617444,0.35390624749231286,0.6460937525076871,i was feeling the need for some christmas crafting this week especially after seeing a couple of lovely quilty christmas projects at stitch group
Love,Joy,Love,Joy,0.1652288932070873,0.3131998238396665,0.34535739039038604,0.6546426096096138,i do feel terribly remourseful that i didnt stay faithful to my plans and get him sooner
Joy,Love,Love,Joy,0.3931585222918448,0.25545693574807565,0.606150404555494,0.3938495954445061,i grew up around this feeling living only minutes away from the gorgeous atlantic ocean in brazil so its probably no surprise i grew fond of the ocean
Love,Joy,Love,Joy,0.1876605119776221,0.31458077512627713,0.3736461274614417,0.6263538725385582,i feel that working together and supporting each other as a whole i can represent a larger younger voice in politics what can i say to that
Love,Joy,Love,Joy,0.24069043817707103,0.2817538854489675,0.46070064749972345,0.5392993525002765,i just feel its one of those things you dont talk about too much because then too many people come to know and then the plan doesnt taste as sweet nor does it feel like a plan
Love,Joy,Love,Joy,0.18823551288634344,0.45891220124333026,0.290869470410623,0.709130529589377,i feel like that because for the most part i have accepted that this is a part of my life and that people will never changed
Love,Joy,Love,Joy,0.17740500112942056,0.36061737740442595,0.3297353571293135,0.6702646428706865,i feel affirmed gracious sensuous and will have less self doubt when a href http generations
Joy,Love,Love,Joy,0.739279874311033,0.14357804447350567,0.8373712899679548,0.1626287100320452,i feel that passionate about
Love,Joy,Love,Joy,0.31336056782260846,0.4264955327187639,0.42354258834023834,0.5764574116597616,i feel accepted because of my condition
Joy,Love,Love,Joy,0.39685130087850073,0.328683319671119,0.546977759073538,0.453022240926462,ive come to feel about a supporting character in one of my all time favorite films giant
Joy,Love,Love,Joy,0.28078336210661686,0.21677587582808056,0.5643214731015979,0.4356785268984022,i don t really know the oldest one very well and his mothering mother seems to feel that he is not sweet
Love,Joy,Love,Joy,0.17980947672165967,0.4155676271599664,0.30200939127381976,0.6979906087261801,i walked to school he felt the bounce in his step the overjoyed feelings of youth and the thrill of excitement of coming to school and meeting his beloved friends
Love,Joy,Love,Joy,0.2131170163490519,0.35035797576160693,0.3782191212262329,0.6217808787737672,i just keep on feeling blessed
Joy,Love,Love,Joy,0.24484240837484236,0.21466157949996809,0.5328406604417728,0.4671593395582272,i don t know about you but i m feeling amp blessed
Love,Joy,Love,Joy,0.1604027171497574,0.2785174993231782,0.36544845994727165,0.6345515400527284,i wish i could do that chinese bite on my finger so you feel the pain miles away thing but upon some reflection perhaps that wouldnt be very considerate
Joy,Love,Love,Joy,0.36620883688291234,0.27074377061185056,0.5749389084429226,0.42506109155707733,i firmly believe that the only way to go about this craft is to write the book that you feel passionate about and not to worry about finding the book that the mass audience desires
Love,Joy,Love,Joy,0.24396859368945975,0.2933567017593253,0.45404263628737634,0.5459573637126237,i don t want to hurt anybody s feelings and i certainly don t want to betray any amount of trust but i do want to entertain and i do want to be faithful to myself my thoughts and the topics at hand
Love,Joy,Love,Joy,0.26304788901391657,0.5313926992426858,0.3311108381196565,0.6688891618803435,i have strong feelings about being faithful
Joy,Love,Love,Joy,0.372144784445079,0.1930779526302838,0.6584037761302229,0.3415962238697771,i feel very cheated since i am supporting the family and doing all the other stuff while he spends hours a day gaming
Joy,Love,Love,Joy,0.3058535901445211,0.17463255789460286,0.6365502759917582,0.3634497240082419,i just tell people i feel like one sweet southern mess right now
Joy,Love,Love,Joy,0.3361344747800968,0.2229818657086798,0.6011887874467231,0.3988112125532769,i felt like id developed feelings for this guy thus explaining why id even follow this guy like a faithful puppy dog and he never knew
Joy,Love,Love,Joy,0.2774406963652215,0.11688524855134552,0.7035821506087393,0.2964178493912607,i don t know how else to describe it except to say that i had the same feeling about three weeks before my beloved grandmother passed away
Love,Joy,Love,Joy,0.2274821059487134,0.3424045089690675,0.39917081748188254,0.6008291825181175,i must add the crowd was similar to last night except it had a much more laid back stoner feel with supporting cast of parents escaped from their kids
Joy,Love,Love,Joy,0.40487121401858944,0.14115476501489355,0.741487089561653,0.25851291043834707,i feel like some of you have pains and you cannot imagine becoming passionate about the group or the idea that is causing pain
Love,Joy,Love,Joy,0.22648139092165542,0.35573413170418516,0.38899923159074407,0.611000768409256,ive got a off sale the ad says starting tomorrow but im feeling generous and started it now
Joy,Love,Love,Joy,0.4724626466219754,0.15605917751757437,0.7517044412400152,0.2482955587599847,i never dreamed i would be so busy so soon in the new year but i am loving it and feeling so very gracious and fortunate
Love,Joy,Love,Joy,0.12610796722611217,0.6693052611223601,0.1585439652392404,0.8414560347607596,im polyamorous something im starting to feel truly accepted for being
Joy,Love,Love,Joy,0.43697716422297184,0.0589557348235142,0.8811215490303901,0.11887845096960993,i check you when you re sleeping feel your nose and toes to be sure you aren t too hot or cold
Fear,Surprise,Fear,Surprise,0.19110342751682327,0.2572946777006786,0.4261914251937479,0.573808574806252,i looked at mabel this morning i named my left breast mabel my right one is hazel and i feel this weird mixture of anger and loss valerie wrote less than a month after her diagnosis
Surprise,Fear,Fear,Surprise,0.5025588902217261,0.1274359400674376,0.7977190701565832,0.20228092984341683,i was so uncomfortable and feeling weird feelings but wasn t sure if they were contractions since i never really felt contractions with jared until they jacked me up with pitocin
Fear,Surprise,Fear,Surprise,0.2360793017856576,0.23880080779308366,0.49713453358802473,0.5028654664119753,i feel kinda weird when andrea tries to talk to me about chris
Fear,Surprise,Fear,Surprise,0.3069244137133538,0.44537655951146,0.40798088084040546,0.5920191191595945,i have a lot going on in my life and feel overwhelmed
Fear,Surprise,Fear,Surprise,0.2806337289417321,0.3529178310647981,0.4429532600927374,0.5570467399072626,i indicated then i was feeling quite overwhelmed with work responsibilities teaching traveling and writing
Fear,Surprise,Fear,Surprise,0.2563818946935631,0.3269172510191685,0.43953757960727124,0.5604624203927286,i cant do strappy shoes at work i just feel weird so i took these off thrifted ninewest
Fear,Surprise,Fear,Surprise,0.3374142793069268,0.3957060830306992,0.46024404264403235,0.5397559573559676,i have moments where i just feel so overwhelmed that my eyes well up with tears
Surprise,Fear,Fear,Surprise,0.27910783384689,0.2064692127893304,0.5747961848287058,0.4252038151712943,i feel thats just strange on wotcs behalf
Fear,Surprise,Fear,Surprise,0.30185486068368467,0.35055359167853994,0.4626777283322065,0.5373222716677934,i think and it feels a little weird
Surprise,Fear,Fear,Surprise,0.36731668516910504,0.24513039081374696,0.5997525330325679,0.4002474669674322,i replied feeling strange at giving the orders
Surprise,Fear,Fear,Surprise,0.35079734911450455,0.1979800185701882,0.6392343594535038,0.3607656405464961,i feel shame in a strange way
Fear,Surprise,Fear,Surprise,0.14790593234887173,0.2754034731301922,0.34940384133795693,0.6505961586620431,i would always have this song stuck in my head after a bombing or incident and then i would feel a bit weird about it because if you dont really pay attention to the lyrics it sounds like such a happy song not the type youre supposed to hum on difficult days
Surprise,Fear,Fear,Surprise,0.22610556565950668,0.21071280762503622,0.5176191742104718,0.4823808257895283,i stay the more distanced from others i feel it is strange because i sometimes feel like a new friendship is growing or forming
Surprise,Fear,Fear,Surprise,0.4690554831533274,0.2623836506199689,0.6412775328735794,0.35872246712642064,i feel this strange sort of liberation
Surprise,Fear,Fear,Surprise,0.4213241194688479,0.24618759721221634,0.6311861034645415,0.36881389653545854,i feel so weird and scattered with all wonders about a million different things
Surprise,Fear,Fear,Surprise,0.46540618496296243,0.24651583639294802,0.6537319692352829,0.3462680307647172,ive blogged and i feel strange about it
Fear,Surprise,Fear,Surprise,0.25176458175728367,0.33550657408498624,0.42870244733235796,0.5712975526676422,i could have expected in every way and i was feeling a bit overwhelmed at that point how quickly life changed in the past weeks
Fear,Surprise,Fear,Surprise,0.17134509473607426,0.5254613451034668,0.24590056138908706,0.7540994386109129,i was stressed about my job search and apartment hunting and i was just feeling overwhelmed with everything that was going on
Fear,Surprise,Fear,Surprise,0.26408794172817185,0.3331503092604212,0.4421818952336591,0.5578181047663409,i did feel slightly weird in that costume
Surprise,Fear,Fear,Surprise,0.3087654069052066,0.2148877782606341,0.5896372172498497,0.41036278275015026,i am still feeling a tad strange in those pearly whites
Anger,Sadness,Anger,Sadness,0.1533716743101753,0.29689516943020283,0.34062395764278997,0.65937604235721,i feel if i completely hated things i d exercise my democratic right speak my mind in what ever ways possible and try to enact a change
Anger,Sadness,Anger,Sadness,0.23020435248208312,0.23304185501361374,0.4969373710074496,0.5030626289925503,i feel a bit stressed even though all the things i have going on are fun
Anger,Sadness,Anger,Sadness,0.1460845453859122,0.5592733175348181,0.2071069921599917,0.7928930078400083,i really dont like quinn because i feel like she will just end up hurting barney and i hated the lame ted robin storyline
Sadness,Anger,Anger,Sadness,0.2930940805065753,0.16683325515507458,0.6372617102328375,0.3627382897671625,i will nolonger tell anybody how i feel or what im thinking cause all it seems to do is get me more hated than i already am
Anger,Sadness,Anger,Sadness,0.1639367770092163,0.31828324968374366,0.3399626061436856,0.6600373938563144,i have been sitting at home revising today and all in all feeling quite stressed
Anger,Sadness,Anger,Sadness,0.3165907245669334,0.38303144095413755,0.4525167156920194,0.5474832843079807,i had to continue to enforce my no playdate policy which meant i continued to feel angry twice over each day once during a horrible morning drop off and once in the afternoon when i reminded noah that no he couldnt play because of the bad drop off missing mommy
Anger,Sadness,Anger,Sadness,0.11876408270074969,0.5204134741721361,0.18580765457690887,0.8141923454230912,i was feeling whether it be mad sad disappointed or peaceful
Anger,Sadness,Anger,Sadness,0.16045780079725688,0.19113926297635017,0.4563684323045868,0.5436315676954132,i watched the news at the tv
Sadness,Anger,Anger,Sadness,0.34523954351765307,0.1812806822287585,0.6557004396711079,0.3442995603288921,i get people asking me what it feels like to be the most hated man in dallas county said assessor steve helm
Sadness,Anger,Anger,Sadness,0.45189423912125454,0.3761461308967647,0.5457393811746409,0.45426061882535906,i have no energy to get angry or upset anymore i just feel a little resigned
Sadness,Anger,Anger,Sadness,0.5212897344707529,0.22263255055878023,0.7007314405832837,0.2992685594167164,i feel hated in cempaka
Sadness,Anger,Anger,Sadness,0.37194169662476273,0.2482541939541034,0.5997164803488252,0.40028351965117476,i can say is that as long as you enjoy the story it entertains you and makes you feel emotional whether it be sad happy angry disgusted or just plain horny then who really gives a damn
Anger,Sadness,Anger,Sadness,0.2983053274061235,0.34063204315411044,0.46687725769516814,0.5331227423048318,i was feeling like i said humour gets me through im one of those people who even if i spoke about my issues no one would be too bothered or would care that thought was in my head and wasnt true that way of being like i dont want to burden you sort of thing
Anger,Sadness,Anger,Sadness,0.08278160958818735,0.8761155224477517,0.08633002104451463,0.9136699789554853,i feel completely distracted and emotionally drained
Anger,Sadness,Anger,Sadness,0.23487827938813066,0.2969635147337975,0.44163185741337824,0.5583681425866217,i feel that sometimes i ve been distracted and neglectful i am thankful that this is not about adding another box to check in my otherwise busy days
Anger,Sadness,Anger,Sadness,0.19597786108574716,0.22433335684363243,0.4662684523416057,0.5337315476583944,i have come from the summer time and feeling like coach hated me
Anger,Sadness,Anger,Sadness,0.15660041066424504,0.3019432767631269,0.34151688259594404,0.658483117404056,i wont lie this week has been abit of a difficult week for me ive been feeling very stressed and anxious this week plus i think im coming down with the flu but it has definately helped me to appreciate the little things
Sadness,Anger,Anger,Sadness,0.48531722917796577,0.11884065921169087,0.8032953612035871,0.19670463879641276,i feel like that im hated by most of the girls is it becoz im a good dancer
Sadness,Anger,Anger,Sadness,0.5278252939894441,0.3845097982279903,0.5785432331738577,0.4214567668261423,i work well with almost every client ive ever been in contact with because i know what it means to feel depressed angry frustrated irritated hopeless and apathetic because i feel it daily
Sadness,Anger,Anger,Sadness,0.3042279783255378,0.30086841728615715,0.5027760544135984,0.49722394558640165,i acted withdrawn and cold towards others in situations that required empathy its not that i dont care i just dont always feel the feelings so i fake it
Anger,Sadness,Anger,Sadness,0.11923315315014354,0.5063704652990946,0.19058897620461604,0.8094110237953839,i didnt want to be spending my days working in a job that i didnt enjoy or to come home feeling stressed and tired and not be able to give my daughter the attention she deserved
Anger,Sadness,Anger,Sadness,0.1748125832244225,0.1799159296183059,0.49280668707318426,0.5071933129268157,when i learnt that my best friend had failed the exams
Sadness,Anger,Anger,Sadness,0.3575697715206978,0.13147410608359714,0.7311609201046412,0.2688390798953589,i don t care if any of you read this but this is just what i feel when i m around you guys i feel hated
Sadness,Anger,Anger,Sadness,0.4207949212240322,0.17998626346248556,0.7004129489234907,0.2995870510765093,i also know that if today i refuse to hate jews or anybody else it is because i know how it feels to be hated
Sadness,Anger,Anger,Sadness,0.37870935801660477,0.23905985628212637,0.6130272426192388,0.38697275738076126,i hate these feelings in my heart i hate that work stressed me out i hate that cornelius wont let me get my way im frustrated lord
Anger,Sadness,Anger,Sadness,0.17052472142677735,0.5448620782505147,0.23836716235706382,0.7616328376429362,i need a break or im feeling stressed out
Sadness,Anger,Anger,Sadness,0.5982432846933553,0.11666882066971014,0.8368067629649937,0.1631932370350063,i didn t mean to get angry with you bommie i just can t control my feelings hellip i just hated myself why i am like this the dara who can t get over with that b
Anger,Sadness,Anger,Sadness,0.28707234692156863,0.6249408176458047,0.314767766600985,0.6852322333990151,i feel really selfish and feel guilty when i think about hurting myself
Fear,Sadness,Sadness,Fear,0.4274387049096531,0.1958357378553108,0.6857953344171369,0.31420466558286303,i pay attention it deepens into a feeling of being invaded and helpless
Sadness,Fear,Sadness,Fear,0.031508328333933106,0.9259666519117296,0.03290773021123633,0.9670922697887636,i feel needy but comfortable with it i feel vulnerable but secure i feel the urge to cum hard but i get no relief
Fear,Sadness,Sadness,Fear,0.9123486502048962,0.04390820238728301,0.9540832546524937,0.04591674534750635,i am truly unfortunate the majority of the time i m usually drained but i obtain it hard to get from bed i really feel restless and others
Fear,Sadness,Sadness,Fear,0.5666815278409864,0.2192187020741065,0.7210603919815746,0.27893960801842554,i love to dance but often feel inhibited by my own body unsure what i am capable of hyper concerned about other people watching me and having opinions on my style or just feeling awkward as if i have no idea what i am supposed to do here
Fear,Sadness,Sadness,Fear,0.5375630704435953,0.36243654885821286,0.5972925531464337,0.40270744685356635,i see you on the pitchers mound at our little league diamond i feel so anxious for you because it looks so isolated over there
Fear,Sadness,Sadness,Fear,0.5641976556773504,0.22538917314905396,0.7145479573360421,0.28545204266395785,i was feeling especially shy and awkward because i didn t know many people there
Fear,Sadness,Sadness,Fear,0.42382470591911536,0.23140965503299685,0.6468291823146476,0.35317081768535247,i guess feelings aren t meant to be inhibited or prohibited
Fear,Sadness,Sadness,Fear,0.49177952148119575,0.16893579435831754,0.7443137909650761,0.2556862090349239,i know that i have it nowhere near as worse as my brethren overseas but right now i feel like im being physically emotionally and spiritually assaulted
Fear,Sadness,Sadness,Fear,0.29579659461736585,0.21266327804306528,0.5817501252747039,0.418249874725296,i feel about as helpless and superfluous as i did when jenn had elaine naturally
Sadness,Fear,Sadness,Fear,0.27458019686683643,0.4244643637801065,0.3927935532646466,0.6072064467353535,i found myself feeling inhibited and shushing her quite a lot
Fear,Sadness,Sadness,Fear,0.3729107059181616,0.28860266018551106,0.5637236147088204,0.43627638529117957,i lift different now because it hurt so bad the day it happened that i can t get it out of my mind and i feel myself being a bit timid
Sadness,Fear,Sadness,Fear,0.06871476662991037,0.6872122460756803,0.0909013244333849,0.909098675566615,i have not conducted a survey but it is quite likely that many of them feel as assaulted by onel s demons and other creators as i would have felt had the walls been covered only with eminent figures patriotic heroes and epic deeds
Fear,Sadness,Sadness,Fear,0.3827078640524903,0.28030520519729996,0.5772252189320043,0.42277478106799576,i honestly feel extremely shy to ask my friends to take pictures of me how vain must they think i am
Sadness,Fear,Sadness,Fear,0.17463405863122808,0.17862297382056344,0.4943540894831588,0.5056459105168412,when i heard the last regulation of the socialist govrenment concerning pensions
Fear,Sadness,Sadness,Fear,0.4079030621804284,0.34281493162095145,0.5433505864365211,0.4566494135634788,i cant do a simple math question and guess what i broke down in front of my tuition teacher whom i have known for almost years now feeling pressured and i feel so bad bout myself
Sadness,Fear,Sadness,Fear,0.2666011742367763,0.2984961265901406,0.47177923845442915,0.5282207615455708,i suppose we all feel a little inhibited when it comes to picking up the phone and calling someone we re not very close to anymore
Fear,Sadness,Sadness,Fear,0.49624685582388095,0.2994106818367401,0.6236940295732479,0.3763059704267522,i feel so helpless right now
Fear,Sadness,Sadness,Fear,0.42260035381829003,0.17577147356421446,0.7062504190193869,0.2937495809806131,i become someone else and i make random awkward jokes honestly this feeling is so strange is this what it feels like to be on top of a cloud
Fear,Sadness,Sadness,Fear,0.7374742038112544,0.07950069374214618,0.902688939427359,0.09731106057264105,i feel inside cause life is like a game sometimes but then you came around me the walls just disappeared nothing to surround me and keep me from my fears im unprotected see how ive opened up youve made me trust
