threshold,accepted_samples,rejected_samples,coverage,selective_accuracy,rejected_error_rate
0.2,2000,0,1.0,0.904,0.0
0.25,1983,17,0.9915,0.9051941502773575,0.23529411764705882
0.3,1948,52,0.974,0.9117043121149897,0.38461538461538464
0.35,1896,104,0.948,0.9208860759493671,0.40384615384615385
0.4,1833,167,0.9165,0.9323513366066557,0.40718562874251496
0.45,1746,254,0.873,0.9495990836197021,0.4094488188976378
0.5,1673,327,0.8365,0.9563658099222953,0.363914373088685
0.55,1603,397,0.8015,0.9638178415470992,0.33753148614609574
0.6,1513,487,0.7565,0.9702577660277594,0.30184804928131415
0.65,1422,578,0.711,0.9789029535864979,0.28027681660899656
0.7,1332,668,0.666,0.9827327327327328,0.25299401197604793
0.75,1231,769,0.6155,0.9845653939886271,0.22496749024707413
0.8,1147,853,0.5735,0.986050566695728,0.2063305978898007
0.85,1019,981,0.5095,0.9911678115799804,0.18654434250764526
0.9,867,1133,0.4335,0.9930795847750865,0.1641659311562224
