text,true_label,true_emotion,predicted_label,predicted_emotion,confidence,second_best_confidence,margin,correct
i don t feel particularly agitated,4,Fear,3,Anger,0.44718974843506265,0.19662031685547082,0.25056943157959183,False
i pay attention it deepens into a feeling of being invaded and helpless,4,Fear,0,Sadness,0.5209301656549283,0.18106066315139727,0.3398695025035311,False
im not sure the feeling of loss will ever go away but it may dull to a sweet feeling of nostalgia at what i shared in this life with my dad and the luck i had to have a dad for years,0,Sadness,2,Love,0.6397174828857878,0.16973047031938082,0.46998701256640696,False
i feel if i completely hated things i d exercise my democratic right speak my mind in what ever ways possible and try to enact a change,3,Anger,0,Sadness,0.3262159881124219,0.23206948361777008,0.09414650449465184,False
i was feeling pretty anxious all day but my first day at work was a very good day and that helped a lot,4,Fear,1,Joy,0.3536051111389143,0.256361484203212,0.09724362693570232,False
i spent wandering around still kinda dazed and not feeling particularly sociable but because id been in hiding for a couple for days and it was getting to be a little unhealthy i made myself go down to the cross and hang out with folks,1,Joy,5,Surprise,0.4501861169309673,0.21186796085218315,0.23831815607878412,False
i feel a bit stressed even though all the things i have going on are fun,3,Anger,0,Sadness,0.2971072460960457,0.22663484087391478,0.07047240522213094,False
i feel my heart is tortured by what i have done,3,Anger,4,Fear,0.3710582114289822,0.24727413794751085,0.12378407348147136,False
i feel needy but comfortable with it i feel vulnerable but secure i feel the urge to cum hard but i get no relief,0,Sadness,4,Fear,0.9463412201283227,0.028837880871266878,0.9175033392570557,False
i feel agitated with myself that i did not foresee her frustrations earlier leading to the ending of our relationship,4,Fear,3,Anger,0.6201729124051114,0.14491334181465093,0.4752595705904605,False
i looked at mabel this morning i named my left breast mabel my right one is hazel and i feel this weird mixture of anger and loss valerie wrote less than a month after her diagnosis,4,Fear,5,Surprise,0.26541577329272914,0.24557637362594448,0.019839399666784663,False
im feeling generous today heres one more you may have already seen but is good for a chuckle,2,Love,1,Joy,0.8281726324668401,0.07374642582834373,0.7544262066384964,False
i feel that i need to know that i can depend on myself before i put myself in the position of supporting someone else and being supported by someone else,2,Love,1,Joy,0.29697170170036225,0.28416723720425335,0.012804464496108892,False
i was so uncomfortable and feeling weird feelings but wasn t sure if they were contractions since i never really felt contractions with jared until they jacked me up with pitocin,5,Surprise,4,Fear,0.6320718016760192,0.11073567203915698,0.5213361296368622,False
i was quite surprised with the weather these past few days but im so thankful for that since i still can wear my shorts out without feeling that cold yes no kidding,3,Anger,1,Joy,0.36237609171645885,0.2694260839928943,0.09295000772356454,False
i really dont like quinn because i feel like she will just end up hurting barney and i hated the lame ted robin storyline,3,Anger,0,Sadness,0.6345000750755221,0.14475887687670075,0.48974119819882134,False
i feel that third situation pretty much sums up my feelings toward this title,1,Joy,2,Love,0.46420223387327486,0.15064191912786984,0.313560314745405,False
i am truly unfortunate the majority of the time i m usually drained but i obtain it hard to get from bed i really feel restless and others,4,Fear,0,Sadness,0.9400089557965854,0.03958319057180733,0.900425765224778,False
i love to dance but often feel inhibited by my own body unsure what i am capable of hyper concerned about other people watching me and having opinions on my style or just feeling awkward as if i have no idea what i am supposed to do here,4,Fear,0,Sadness,0.6504718051528403,0.1960945072477742,0.4543772979050661,False
i see you on the pitchers mound at our little league diamond i feel so anxious for you because it looks so isolated over there,4,Fear,0,Sadness,0.6704508385209539,0.26837313523811257,0.4020777032828413,False
i will practice meditation if i feel overwhelmed and hopefully become successful in peaceful practice,5,Surprise,1,Joy,0.9811522952001681,0.008184833162172318,0.9729674620379958,False
i get frustrated that unresolved issues from my past have had a severe negative effect on my behavior and feel he must be angry that i have not resolved them by now,3,Anger,1,Joy,0.6045048544993187,0.2834219885005253,0.3210828659987934,False
i feel blessed beyond blessed to share my life with you each week,2,Love,1,Joy,0.49681233731271013,0.28202024052300323,0.2147920967897069,False
i realized what i am passionate about helping women feel accepted and appreciated,1,Joy,2,Love,0.6455016592951972,0.2865032924808923,0.3589983668143049,False
i feel so blessed and honored that we get to be its parents,2,Love,1,Joy,0.97319307531371,0.01396808405834824,0.9592249912553618,False
i just feel are ludicrous and wasting space or so trite they should have looked at the book first and come up with something a little more original,5,Surprise,0,Sadness,0.26322480609896476,0.2423333719403501,0.020891434158614663,False
i was so impressed with the show especially for hs and i was moved by these talented kids but then again i feel very passionate about productions and music and theatre in schools so i am always happy to endorse many hs productions throughout their seasons during this time,2,Love,1,Joy,0.6806201968589298,0.15720818997256633,0.5234120068863635,False
i have a lot going on in my life and feel overwhelmed,4,Fear,5,Surprise,0.4780822111226395,0.3143822835159361,0.16369992760670338,False
i know what you mean about feeling agitated,4,Fear,3,Anger,0.502231503842927,0.28126482976194567,0.22096667408098136,False
i will nolonger tell anybody how i feel or what im thinking cause all it seems to do is get me more hated than i already am,0,Sadness,3,Anger,0.341374056571446,0.1654086617192046,0.17596539485224139,False
i indicated then i was feeling quite overwhelmed with work responsibilities teaching traveling and writing,4,Fear,5,Surprise,0.41610710733208117,0.2980346230350037,0.11807248429707745,False
i believe that feeling accepted in a non judgemental way can be healing,1,Joy,2,Love,0.3377203506030606,0.28548921211372147,0.052231138489339135,False
ive been feeling from my adoring fans that would be teh whole like of you who are my friends here i felt brave and excited and ventrured forth with guitar in hand to a local open mic night,2,Love,1,Joy,0.7737146803006091,0.1043822818364338,0.6693323984641752,False
i feel agitated and annoyed more than worried or fearful but these feelings can easily lead to being short tempered with my family and feelings of disharmony,4,Fear,3,Anger,0.6881463851198931,0.24008117298678777,0.44806521213310535,False
i could feel his breath on me and smell the sweet scent of him,1,Joy,2,Love,0.6755166491121258,0.1814335972784102,0.4940830518337156,False
i suppose if one was feeling generous one could say i was stressed by the elevator ride,1,Joy,2,Love,0.2518983308948845,0.1766345273340692,0.0752638035608153,False
i carried my phone in my pocket and didn t feel the pull to get lost in it,0,Sadness,1,Joy,0.3759980926918832,0.1616925078279345,0.2143055848639487,False
i feel quite passionate about and that is how old should children be to undergo beauty treatments,1,Joy,2,Love,0.36408330248226056,0.2723172346277368,0.09176606785452374,False
i loved the feeling i got during an amazing slalom run whether it was in training or in a race,1,Joy,5,Surprise,0.41302835514222414,0.21182794252627138,0.20120041261595276,False
i was feeling especially shy and awkward because i didn t know many people there,4,Fear,0,Sadness,0.6084037674337263,0.25484003999678273,0.35356372743694353,False
i have been sitting at home revising today and all in all feeling quite stressed,3,Anger,0,Sadness,0.3758329605805811,0.16677376738242625,0.20905919319815483,False
i guess feelings aren t meant to be inhibited or prohibited,4,Fear,0,Sadness,0.4477916536807334,0.22911941353230605,0.21867224014842737,False
i know that i have it nowhere near as worse as my brethren overseas but right now i feel like im being physically emotionally and spiritually assaulted,4,Fear,0,Sadness,0.6275066362348097,0.13528563609790673,0.492221000136903,False
i had to continue to enforce my no playdate policy which meant i continued to feel angry twice over each day once during a horrible morning drop off and once in the afternoon when i reminded noah that no he couldnt play because of the bad drop off missing mommy,3,Anger,0,Sadness,0.39401676195233165,0.3729020512002403,0.02111471075209137,False
i hate feeling like this this is bullshit ok i m so done bye,1,Joy,0,Sadness,0.3206951581821184,0.23751856248377384,0.08317659569834457,False
i cant do strappy shoes at work i just feel weird so i took these off thrifted ninewest,4,Fear,5,Surprise,0.35470388508902273,0.2708865831989354,0.08381730189008735,False
i have moments where i just feel so overwhelmed that my eyes well up with tears,4,Fear,5,Surprise,0.4166641875225038,0.34285497999100073,0.07380920753150305,False
i feel quite helpless in all of this so prayer is the most effective tool i have because i have no answers and there is nothing else i can offer them right now,0,Sadness,1,Joy,0.6492119186093874,0.08108004594716393,0.5681318726622235,False
i was feeling whether it be mad sad disappointed or peaceful,3,Anger,0,Sadness,0.5944881236379713,0.1615188947488129,0.43296922888915845,False
i believe that people should choose the causes they feel passionate about and do what they can and i have no right or desire to push my own charities as more worthy than another,1,Joy,2,Love,0.38967877575485893,0.3282511460119503,0.06142762974290861,False
i never feel like im not supporting,1,Joy,2,Love,0.4408981355723343,0.3881810334789899,0.0527171020933444,False
i am feeling stressed and more than a bit anxious,3,Anger,4,Fear,0.803993437443801,0.08730741061290259,0.7166860268308984,False
i feel like im still quite bad at describing my feelings with good words and beautiful phrases,0,Sadness,1,Joy,0.4800738015016387,0.11713463421551802,0.3629391672861207,False
i am alternating between feeling thrilled to see my dads family this weekend and terrified that i will be a black sheep among their normalcy,1,Joy,4,Fear,0.42351819929000784,0.3653732307554242,0.05814496853458362,False
i feel about as helpless and superfluous as i did when jenn had elaine naturally,4,Fear,0,Sadness,0.35565796493255303,0.2073872180597133,0.14827074687283973,False
i thought i didnt feel anything anymore it was over it was ok well today a different story i feel him i want him my heart hurts thinking he wont be around i still want him around i guess its still valid,1,Joy,3,Anger,0.27987636709056407,0.2706536567980214,0.00922271029254268,False
i watched the news at the tv,3,Anger,0,Sadness,0.22050410444120816,0.16196769708695158,0.05853640735425658,False
i feel i should as a gracious gesture apologizing for my latest post about the osp and the rand license terms,2,Love,1,Joy,0.7291087400461161,0.10489352853948448,0.6242152115066316,False
i get people asking me what it feels like to be the most hated man in dallas county said assessor steve helm,0,Sadness,3,Anger,0.3675103053618664,0.17774667436429256,0.18976363099757385,False
i started feeling a little stressed about leaving on time and making sure we got the getting ready pictures i wanted but everything seemed to workout perfectly,3,Anger,1,Joy,0.2888901995184408,0.282151384509095,0.006738815009345811,False
i feel not having a generous spirit or a forgiving nature closes me off from accepting gifts from the universe,2,Love,1,Joy,0.4027562150833091,0.303749463844038,0.0990067512392711,False
i feel accepted and loved by a community of derby girls that i helped to create,1,Joy,2,Love,0.47777995433339354,0.4012934831724136,0.07648647116097995,False
i found myself feeling inhibited and shushing her quite a lot,0,Sadness,4,Fear,0.5615928439653562,0.22063441550791082,0.3409584284574454,False
i was supposed to feel sympathy for emma im afraid i failed,4,Fear,2,Love,0.5438941696775849,0.20743440893829523,0.3364597607392896,False
i have no energy to get angry or upset anymore i just feel a little resigned,0,Sadness,3,Anger,0.4974611357699838,0.39153585338210345,0.10592528238788035,False
i go through my day feeling your movements and am amazed that something so miraculous is happening in my body its like a special secret only you and i have,5,Surprise,1,Joy,0.4446353825802373,0.435513000071185,0.00912238250905234,False
i couldnt help feeling for him and this awful predicament he lives with on a daily and nightly basis and i was just so glad that once bel started to see the light he stuck it out and stood by daniel whilst no one else did including his family who im afraid i got really disgusted with,0,Sadness,3,Anger,0.262047793960461,0.25643108384712493,0.0056167101133360875,False
i feel that the packaging is really lovely and the product itself just does everything you ask,2,Love,1,Joy,0.41660147146356036,0.3748442768238006,0.04175719463975974,False
im so proud of you no words can describe the way that makes my heart feel thank you god for my supportive amazing hubbard,2,Love,1,Joy,0.5052701589705912,0.3430883357201968,0.16218182325039443,False
i have made about sex i feel that women enjoy sex when their body and emotions are admired and respected,2,Love,1,Joy,0.5669469352264194,0.2430049985274207,0.3239419366989987,False
i feel so blessed to be married to him because he loves his stepchildren,1,Joy,2,Love,0.5229086627165448,0.19198429382298998,0.3309243688935548,False
i have so much going on in my life and am constantly running like crazy i can always steal a quiet moment to acknowledge this child and the overwhelming excitement and anticipation that i feel god is truly faithful and brings everything around,2,Love,1,Joy,0.47422828664591204,0.16436683277706982,0.30986145386884223,False
i was playing a sport in an advanced pe class and many of the people were not advanced,3,Anger,1,Joy,0.5267750716650925,0.11685336704375017,0.40992170462134236,False
i feel thats just strange on wotcs behalf,5,Surprise,4,Fear,0.2836980109133584,0.22309985888738407,0.06059815202597432,False
i feel hated in cempaka,0,Sadness,3,Anger,0.631601388266886,0.19884849777019603,0.43275289049669,False
i can say is that as long as you enjoy the story it entertains you and makes you feel emotional whether it be sad happy angry disgusted or just plain horny then who really gives a damn,0,Sadness,3,Anger,0.3837716985214731,0.2937652791112863,0.09000641941018678,False
told by some people the class leader only choose his friends not true,3,Anger,1,Joy,0.23297668571414196,0.20974649474635257,0.023230190967789388,False
i get to be creative if i feel like it or just sit and chat to customers the people are all lovely even kermit helps out see,2,Love,1,Joy,0.4677376938393239,0.246056482405275,0.2216812114340489,False
i lift different now because it hurt so bad the day it happened that i can t get it out of my mind and i feel myself being a bit timid,4,Fear,0,Sadness,0.48129245838459667,0.27082945660054636,0.2104630017840503,False
i couldnt feel more blessed at this time,1,Joy,2,Love,0.28408911695110906,0.23481535036575366,0.0492737665853554,False
i notice how different this question is from why i am feeling so agitated,4,Fear,3,Anger,0.37943401032193513,0.34187306498815806,0.037560945333777074,False
i feel very strongly about supporting charities that help children,1,Joy,2,Love,0.53987746487318,0.28674860754777187,0.25312885732540813,False
i did not feel any passionate joy,1,Joy,2,Love,0.5990889221700395,0.2642897609684049,0.3347991612016346,False
i have nostalgic feelings i have met wonderful people online and the online internet is for me like my second life,1,Joy,2,Love,0.8146308364337,0.10641719908639947,0.7082136373473006,False
im much more peaceful and happy when the house is clean the food is good and my kids arent feeling needy,0,Sadness,1,Joy,0.8701141171784816,0.08217233997913663,0.787941777199345,False
whenever i put myself in others shoes and try to make the person happy,3,Anger,1,Joy,0.39550544952343947,0.15344094517698906,0.2420645043464504,False
i found myself feeling a bit overwhelmed,5,Surprise,4,Fear,0.4490623981202752,0.4240826052951701,0.024979792825105096,False
i think and it feels a little weird,4,Fear,5,Surprise,0.40195333285979806,0.3407504337440968,0.06120289911570126,False
i feel my truth is accepted and not judged because well,2,Love,1,Joy,0.44793235743198745,0.25899871492499604,0.1889336425069914,False
i did feel rather like a celebrity and widget stood and let herself be admired while she drank orange squash from my cup,1,Joy,2,Love,0.42812696774040737,0.14826147856493993,0.27986548917546744,False
i feel like if people accepted that wed get along a lot better,2,Love,1,Joy,0.3880579860759813,0.2303573773597382,0.15770060871624308,False
i feel so blessed to have friends i can come to,1,Joy,2,Love,0.42419644023071745,0.29123643257904863,0.13296000765166882,False
i feel the need to pimp this since raini my beloved rocky casting director loves it so much,1,Joy,2,Love,0.5636552360766607,0.1701204476250229,0.3935347884516378,False
i was lying in bed last night after a day of making experiments from the usual suspects fabric plastic and feeling agitated that my issues with proper presentation had not made any headway over the course of a mere six hours,3,Anger,4,Fear,0.35859005584093573,0.19944626251604297,0.15914379332489276,False
i found myself being amazed at how mid s f would feel a tad cool as if perhaps a sweatshirt wouldve been a good idea,1,Joy,5,Surprise,0.6665586329065165,0.13745902843823005,0.5290996044682865,False
i feel fake because i think if you really want to have a good conversation and make good contact you have to appear especially self confident and even risk talking to some people which are no good to talk to at all until you meet one person which you have a good connection to,0,Sadness,1,Joy,0.4988241854841266,0.2089732280110604,0.2898509574730662,False
i feel cared for and accepted,2,Love,1,Joy,0.7670049474716393,0.13011721252389083,0.6368877349477484,False
i feel passionate about knitting and seeing really good films and the surprisingly awesome tv programs that are on now i cant believe i just wrote that,2,Love,1,Joy,0.5437948114596982,0.21895272052513956,0.3248420909345586,False
i was feeling the need for some christmas crafting this week especially after seeing a couple of lovely quilty christmas projects at stitch group,2,Love,1,Joy,0.42730874852916245,0.24147709316375945,0.185831655365403,False
i was feeling like i said humour gets me through im one of those people who even if i spoke about my issues no one would be too bothered or would care that thought was in my head and wasnt true that way of being like i dont want to burden you sort of thing,3,Anger,0,Sadness,0.3455198945014469,0.336994733674915,0.008525160826531875,False
i do feel terribly remourseful that i didnt stay faithful to my plans and get him sooner,2,Love,1,Joy,0.3060903507590592,0.2810003898492508,0.025089960909808418,False
i should stop reading sids blogs but it is part of my blogging community and i feel that in supporting each other we get better at handling grief and hence i am not going to stop,2,Love,1,Joy,0.3495281278201334,0.3451218638942107,0.004406263925922749,False
i replied feeling strange at giving the orders,5,Surprise,4,Fear,0.39178226666839117,0.32371807542027137,0.0680641912481198,False
i grew up around this feeling living only minutes away from the gorgeous atlantic ocean in brazil so its probably no surprise i grew fond of the ocean,1,Joy,2,Love,0.5537019080175895,0.188342074458474,0.36535983355911544,False
i started walking again yesterday and it feels amazing,1,Joy,5,Surprise,0.414542851568763,0.2829919707527013,0.1315508808160617,False
i feel completely distracted and emotionally drained,3,Anger,0,Sadness,0.9205707800483697,0.06499508704114622,0.8555756930072235,False
im feeling too tortured to write today,4,Fear,3,Anger,0.3912013184532122,0.3711158868148085,0.020085431638403706,False
i feel that working together and supporting each other as a whole i can represent a larger younger voice in politics what can i say to that,2,Love,1,Joy,0.37602008138938575,0.17564185933641419,0.20037822205297157,False
i know is that she s here and i m so thankful for her warm loving and peaceful presence i feel when my anger or feelings of discontent and frustration flare up,0,Sadness,1,Joy,0.6415523356274686,0.15076560809105666,0.49078672753641195,False
im not sure if its just me who feels this way or if its everyone but tortured souls dont make for the best boyfriends,3,Anger,4,Fear,0.3744622592263647,0.28444330051016564,0.09001895871619908,False
i have not conducted a survey but it is quite likely that many of them feel as assaulted by onel s demons and other creators as i would have felt had the walls been covered only with eminent figures patriotic heroes and epic deeds,0,Sadness,4,Fear,0.8074841378479863,0.05008949138398885,0.7573946464639975,False
i honestly feel extremely shy to ask my friends to take pictures of me how vain must they think i am,4,Fear,0,Sadness,0.41953679631592034,0.3168554001100826,0.10268139620583772,False
i ran errands to buy cora a few newborn sized sleepers i had not previously made any newborn sized babies and went out to lunch to celebrate how great i was feeling i feel amazing no pain no pain meds and moving around almost completely normally at days out,5,Surprise,1,Joy,0.32837001645459707,0.21148396511962192,0.11688605133497515,False
i just feel its one of those things you dont talk about too much because then too many people come to know and then the plan doesnt taste as sweet nor does it feel like a plan,2,Love,1,Joy,0.311257932906912,0.25272458128490993,0.05853335162200207,False
i feel shame in a strange way,5,Surprise,4,Fear,0.3827037619416543,0.2162994649926327,0.1664042969490216,False
i feel like that because for the most part i have accepted that this is a part of my life and that people will never changed,2,Love,1,Joy,0.540269665226317,0.17842274677135783,0.3618469184549592,False
i feel that sometimes i ve been distracted and neglectful i am thankful that this is not about adding another box to check in my otherwise busy days,3,Anger,1,Joy,0.3396456715561303,0.2578212533036451,0.08182441825248521,False
i have found myself overwhelmed with jealousy and self contempt and i have found myself feeling this towards the lives of my sweet friends and acquaintances as portrayed on social media,2,Love,3,Anger,0.2908221646306464,0.24648872430313087,0.044333440327515544,False
i know how it feels to be tortured,3,Anger,4,Fear,0.43908125811594684,0.37534591677098417,0.06373534134496267,False
i feel like the writer wants me to think so and proclaiming he no longer liked pulsars is a petty and hilarious bit of character,2,Love,3,Anger,0.5265200235079944,0.16820650209795837,0.35831352141003603,False
ive ever read that explains why i feel this way all the time and reassures me that im not just defective somehow,0,Sadness,1,Joy,0.41116019973006357,0.3675601158785266,0.043600083851536964,False
i feel affirmed gracious sensuous and will have less self doubt when a href http generations,2,Love,1,Joy,0.43769329508315047,0.16621920451939162,0.2714740905637588,False
i feel that passionate about,1,Joy,2,Love,0.8218817328468567,0.10859787177407672,0.71328386107278,False
i would always have this song stuck in my head after a bombing or incident and then i would feel a bit weird about it because if you dont really pay attention to the lyrics it sounds like such a happy song not the type youre supposed to hum on difficult days,4,Fear,5,Surprise,0.322426003600184,0.22478612599471737,0.09763987760546661,False
i feel particularly uncomfortable with how much a driver is looking down on the phone i shout eyes on the prize,4,Fear,1,Joy,0.3769671446762312,0.2991485361909773,0.0778186084852539,False
i feel accepted because of my condition,2,Love,1,Joy,0.41809643388595935,0.3512646105300459,0.06683182335591348,False
i mean the idea is intoxicating of course and it feels amazing when its happening but what happens in the morning when you wake up and you have to go to work and so amp so is all up in your shit about something that is completely impractical,5,Surprise,1,Joy,0.3162229404008198,0.24581849131214112,0.07040444908867866,False
i noticed that i was feeling very stressed and anxious and i just couldnt quite put my finger on why,3,Anger,4,Fear,0.421936961741331,0.2524575315917571,0.1694794301495739,False
i remain hopeful that the feeling i have is actually excitement a long missed friend,0,Sadness,1,Joy,0.7528989835103177,0.0726758638271463,0.6802231196831714,False
ive come to feel about a supporting character in one of my all time favorite films giant,1,Joy,2,Love,0.44850741878476785,0.3456211160746819,0.10288630271008598,False
i have to keep fighting for my life until i truly run out of fight and i ve been close enough to that twice to know a bit about what it feels like and we re not there yet no matter how despairing all this feels,0,Sadness,1,Joy,0.3448368373655497,0.16741143171432835,0.17742540565122136,False
i first started reading city of dark magic i thought it would be a challenge to actually enjoy it since i felt like the content about famous classical music was over my head but luckily after plowing through the first chapter i became more confident and started feeling less dumb,0,Sadness,1,Joy,0.8514942826071737,0.04014797859665827,0.8113463040105154,False
i feel this strange sort of liberation,5,Surprise,4,Fear,0.5572919477353921,0.24619328528486142,0.31109866245053075,False
i feel so weird and scattered with all wonders about a million different things,5,Surprise,4,Fear,0.5060987819029028,0.2557050606356681,0.2503937212672347,False
at a party i met a girl who drew me to her,3,Anger,2,Love,0.20781525887653265,0.19275971275225115,0.015055546124281505,False
i know it can take weeks for a book to go free on amazon and barnes amp noble and in this age where cents can buy a full length ebook i feel a little funny charging even cents for a work that is almost certain to be under pages possibly under,5,Surprise,1,Joy,0.5111344973411357,0.27951538401646897,0.23161911332466673,False
ive blogged and i feel strange about it,5,Surprise,4,Fear,0.5984101215294884,0.2214492927303696,0.37696082879911874,False
i don t really know the oldest one very well and his mothering mother seems to feel that he is not sweet,1,Joy,2,Love,0.29221089295818653,0.2368119792758289,0.05539891368235764,False
i walked to school he felt the bounce in his step the overjoyed feelings of youth and the thrill of excitement of coming to school and meeting his beloved friends,2,Love,1,Joy,0.429668906513551,0.1797235750861891,0.2499453314273619,False
i was like should i feel sweet or feel offended,2,Love,3,Anger,0.9926885233526007,0.004485225940723066,0.9882032974118776,False
i cannot even begin to express in words the depth of sorrow that i feel having not posted any of my ludicrous rants over the passed days,5,Surprise,0,Sadness,0.8001623687338172,0.07633167429192332,0.7238306944418939,False
i have come from the summer time and feeling like coach hated me,3,Anger,0,Sadness,0.2343968623959439,0.2299211129534453,0.004475749442498594,False
i just keep on feeling blessed,2,Love,1,Joy,0.3776469683087605,0.23188138499022193,0.14576558331853856,False
i think also i have changed obviously i am making more effort to go to things and make friends i feel less shy and less bothered about peoples judgement of my appearance,4,Fear,3,Anger,0.6353578480554255,0.18482799165605726,0.45052985639936827,False
i don t know about you but i m feeling amp blessed,1,Joy,2,Love,0.2724340224799465,0.20755533016637145,0.06487869231357507,False
i felt a stronger wish to be free from self cherishing through my refuge practice and a return to the feeling of freedom and protection from suffering which i stayed with for the rest of the meditation,0,Sadness,1,Joy,0.48467740364375395,0.16770906045875764,0.31696834318499634,False
i set aside that feeling and happily helped them now that every thing was been normalized and the students had liked me they change my schedule and i am just forgotten to oblivion,2,Love,0,Sadness,0.2589488306330992,0.21383109960781385,0.04511773102528535,False
i guess no matter how much i think im feeling ok im as nervous as hell on the inside about the scan revealing something i dont want to know again,1,Joy,4,Fear,0.8301254284265805,0.04959283024666524,0.7805325981799153,False
i seek out pain to feel tortured just to feel something,4,Fear,3,Anger,0.4112081951705596,0.2632664140197105,0.1479417811508491,False
i decide that picking the easy route would get me nowhere and i feel like other people want me tortured so i follow the blue path,4,Fear,3,Anger,0.29816670099276626,0.2206331633926105,0.07753353760015577,False
i wish i could do that chinese bite on my finger so you feel the pain miles away thing but upon some reflection perhaps that wouldnt be very considerate,2,Love,1,Joy,0.3202784535478708,0.16334866776629017,0.15692978578158065,False
i could have expected in every way and i was feeling a bit overwhelmed at that point how quickly life changed in the past weeks,4,Fear,5,Surprise,0.35605946258432286,0.27741073929904475,0.07864872328527811,False
i cant do a simple math question and guess what i broke down in front of my tuition teacher whom i have known for almost years now feeling pressured and i feel so bad bout myself,4,Fear,0,Sadness,0.43576227330321327,0.3982176772357306,0.03754459606748267,False
i firmly believe that the only way to go about this craft is to write the book that you feel passionate about and not to worry about finding the book that the mass audience desires,1,Joy,2,Love,0.4065218070396379,0.2722319072509118,0.13428989978872613,False
i have strong feelings about being faithful,2,Love,1,Joy,0.5862904284641288,0.25975380885631105,0.32653661960781777,False
i suppose we all feel a little inhibited when it comes to picking up the phone and calling someone we re not very close to anymore,0,Sadness,4,Fear,0.3483473629863835,0.24511497547257238,0.10323238751381114,False
i felt it had a slight bitterness in the finish that detracted from its oily mouthfeel and sweet entry,1,Joy,3,Anger,0.31648217637695847,0.30596713718611396,0.01051503919084451,False
i feel very cheated since i am supporting the family and doing all the other stuff while he spends hours a day gaming,1,Joy,2,Love,0.4166958999066752,0.2189989407954198,0.19769695911125543,False
i wont lie this week has been abit of a difficult week for me ive been feeling very stressed and anxious this week plus i think im coming down with the flu but it has definately helped me to appreciate the little things,3,Anger,0,Sadness,0.3405475766069611,0.28791192453009634,0.05263565207686477,False
i feel i can only hope im not alone in these thoughts and im sure to all you fellow exchange students you probably have the same thoughts in mind with at least some of this listed some might say being an exchange student is unlike any other experience,0,Sadness,1,Joy,0.4218893402034096,0.18388069960070202,0.2380086406027076,False
i am not feeling the love towards myself and that becomes somewhat of a vicious circle resulting in me just feeling lazy complacent and in general just de motivated,3,Anger,1,Joy,0.5921822635625762,0.26907226258282846,0.32311000097974774,False
i feel so helpless right now,4,Fear,0,Sadness,0.5526024904119451,0.30165281603236116,0.25094967437958393,False
i am again not inspired and after looking at ideas and images i feel that i dont appreciate them anymore they become useless and purely skill driven having nothing to do with thought,0,Sadness,1,Joy,0.6180901371850457,0.23589543911913194,0.3821946980659138,False
i become someone else and i make random awkward jokes honestly this feeling is so strange is this what it feels like to be on top of a cloud,4,Fear,0,Sadness,0.47427531133191353,0.17007457873463827,0.30420073259727526,False
i feel like that im hated by most of the girls is it becoz im a good dancer,0,Sadness,3,Anger,0.5506464694567896,0.10587600901350495,0.44477046044328467,False
i just tell people i feel like one sweet southern mess right now,1,Joy,2,Love,0.342661906806634,0.16600914966064814,0.17665275714598586,False
i felt like id developed feelings for this guy thus explaining why id even follow this guy like a faithful puppy dog and he never knew,1,Joy,2,Love,0.41432699262079514,0.20202391439063813,0.212303078230157,False
i was stressed about my job search and apartment hunting and i was just feeling overwhelmed with everything that was going on,4,Fear,5,Surprise,0.5942832925728948,0.16062146610118377,0.43366182647171103,False
i did feel slightly weird in that costume,4,Fear,5,Surprise,0.3740171454870948,0.28557306062614646,0.08844408486094835,False
i didnt want to be spending my days working in a job that i didnt enjoy or to come home feeling stressed and tired and not be able to give my daughter the attention she deserved,3,Anger,0,Sadness,0.6294121568064495,0.0944497817156511,0.5349623750907984,False
i don t know how else to describe it except to say that i had the same feeling about three weeks before my beloved grandmother passed away,1,Joy,0,Sadness,0.3052122583237098,0.30065965652771254,0.0045526017959972576,False
i don t care if any of you read this but this is just what i feel when i m around you guys i feel hated,0,Sadness,3,Anger,0.42393904451492703,0.15229438549244784,0.2716446590224792,False
i also know that if today i refuse to hate jews or anybody else it is because i know how it feels to be hated,0,Sadness,3,Anger,0.47847226823012906,0.18095245604776863,0.29751981218236045,False
i hate these feelings in my heart i hate that work stressed me out i hate that cornelius wont let me get my way im frustrated lord,0,Sadness,3,Anger,0.4058238913314154,0.24026272416070296,0.16556116717071243,False
i feel so amazing musicjuzz,1,Joy,5,Surprise,0.5129897970298404,0.34094760527724915,0.17204219175259122,False
i must add the crowd was similar to last night except it had a much more laid back stoner feel with supporting cast of parents escaped from their kids,2,Love,1,Joy,0.381194552315177,0.22700637530446133,0.1541881770107157,False
i thought maybe once i started running i would feel ok,1,Joy,0,Sadness,0.29854327150026577,0.16546881322731563,0.13307445827295014,False
i feel your frustration but it s time to calm the hell down,1,Joy,3,Anger,0.44297106392233043,0.16872136972566923,0.27424969419666123,False
i need a break or im feeling stressed out,3,Anger,0,Sadness,0.664451207905907,0.14632615994366424,0.5181250479622427,False
i feel like some of you have pains and you cannot imagine becoming passionate about the group or the idea that is causing pain,1,Joy,2,Love,0.534914404028341,0.1154195551613587,0.4194948488669823,False
ive got a off sale the ad says starting tomorrow but im feeling generous and started it now,2,Love,1,Joy,0.4051361576407697,0.2346596674214505,0.1704764902193192,False
i never dreamed i would be so busy so soon in the new year but i am loving it and feeling so very gracious and fortunate,1,Joy,2,Love,0.6100755569347847,0.13984413649411453,0.4702314204406701,False
i am still feeling a tad strange in those pearly whites,5,Surprise,4,Fear,0.3459698231564757,0.21369792220846498,0.1322719009480107,False
i feel inside cause life is like a game sometimes but then you came around me the walls just disappeared nothing to surround me and keep me from my fears im unprotected see how ive opened up youve made me trust,4,Fear,0,Sadness,0.856648249712133,0.045442108662765934,0.8112061410493672,False
ive started feeling like almost nothing is worth getting agitated about,4,Fear,3,Anger,0.42205117673515286,0.28968847881591187,0.132362697919241,False
im polyamorous something im starting to feel truly accepted for being,2,Love,1,Joy,0.705703096800524,0.12794935070183935,0.5777537460986847,False
i didn t mean to get angry with you bommie i just can t control my feelings hellip i just hated myself why i am like this the dara who can t get over with that b,0,Sadness,3,Anger,0.7046780192619347,0.09068945649377261,0.6139885627681622,False
i feel really selfish and feel guilty when i think about hurting myself,3,Anger,0,Sadness,0.7127987550412057,0.2487750437292487,0.464023711311957,False
i was cooking my dinner feeling pretty melancholy when zane lowe gave it the first spin on his radio one show on tuesday and the song matched my mood perfectly,0,Sadness,1,Joy,0.4558837437775432,0.429919291939467,0.02596445183807622,False
i check you when you re sleeping feel your nose and toes to be sure you aren t too hot or cold,1,Joy,2,Love,0.5079783794731174,0.15912293241807976,0.3488554470550377,False
i remember wanting to fit in so bad and feeling like no one liked me,2,Love,0,Sadness,0.32876112080008946,0.2628214050705811,0.06593971572950835,False
i feel tortured delilahlwl am considering i had one the other day about one of my closest friends raping and killing chicks,3,Anger,4,Fear,0.3317104408499922,0.3071142139749269,0.024596226875065297,False
